run_date,n_fights,new_events,new_fights,cutoff,log_loss,brier,accuracy,ece,finish_model,finish_log_loss
2026-07-18,8482,0,0,2025-06-27,0.6568,0.2318,0.6197,0.0503,LogReg,1.0124
2026-07-18,8543,5,62,2025-07-11,0.6584,0.2327,0.6276,0.0482,LogReg,1.0117
2026-07-18,8543,0,0,2025-07-11,0.6584,0.2327,0.6276,0.0482,LogReg,1.0117
2026-07-18,8543,0,0,2025-07-11,0.6584,0.2327,0.6276,0.0482,LogReg,1.0117
2026-07-18,8543,0,0,2025-07-11,0.6584,0.2327,0.6276,0.0482,LogReg,1.0101
2026-07-18,8543,0,0,2025-07-11,0.6584,0.2327,0.6276,0.0482,LogReg,1.0101
2026-07-20,8555,1,12,2025-07-18,0.6562,0.2316,0.6334,0.0485,LogReg,1.0012
2026-07-27,8567,1,12,2025-07-25,0.654,0.2304,0.632,0.0424,LogReg,1.0006
2026-08-03,8581,1,14,2025-08-01,0.6518,0.2293,0.6296,0.0469,LogReg,1.0058
